State,District,Latitude,Longitude,Population,Male,Female,Literate,sex_ratio,literacy_rate
Andhra Pradesh,Adilabad,19.284513950073435,78.81321233480176,2741239,1369597,1371642,1483347,100.15,54.11
Andhra Pradesh,Anantapur,14.312065561843148,77.4601584478577,4081148,2064495,2016653,2310960,97.68,56.63
Andhra Pradesh,Chittoor,13.33109263067696,78.92763898886037,4174064,2090204,2083860,2667878,99.7,63.92
Andhra Pradesh,East Godavari,16.782718320784902,82.2432074720511,5154296,2569688,2584608,3288577,100.58,63.8
Andhra Pradesh,Guntur,15.884925767634847,80.58657614107885,4887813,2440521,2447292,2960441,100.28,60.57
Andhra Pradesh,Hyderabad,17.38971555555556,78.46668888888888,3943323,2018575,1924748,2892155,95.35,73.34
Andhra Pradesh,Karimnagar,18.515483193277312,79.43765428571413,3776269,1880800,1895469,2206829,100.78,58.44
Andhra Pradesh,Khammam,17.683921325051784,80.67008643892335,2797370,1390988,1406382,1630234,101.11,58.28
Andhra Pradesh,Krishna,16.143872753151673,81.14805061000413,4517398,2267375,2250023,3009718,99.23,66.63
Andhra Pradesh,Kurnool,15.43759715142429,77.90086836581717,4053463,2039227,2014236,2127161,98.77,52.48
Andhra Pradesh,Mahbubnagar,16.639546224256293,77.98933089244859,4053028,2050386,2002642,1940646,97.67,47.88
Andhra Pradesh,Medak,17.889304978038055,78.13778901903379,3033288,1523030,1510258,1637137,99.16,53.97
Andhra Pradesh,Nalgonda,17.113250515463907,79.16984453608244,3488809,1759772,1729037,2001019,98.25,57.36
Andhra Pradesh,Nizamabad,18.429485849056604,78.07523490566035,2551335,1250641,1300694,1389810,104.0,54.47
Andhra Pradesh,Prakasam,15.489039001601704,80.11665790176184,3397448,1714764,1682684,1904435,98.13,56.05
Andhra Pradesh,Srikakulam,18.570900998697432,84.25874814010675,2703114,1341738,1361376,1495381,101.46,55.32
Andhra Pradesh,Vizianagaram,18.28329696032972,83.45982854198873,2344474,1161477,1182997,1238388,101.85,52.82
Andhra Pradesh,Warangal,18.01752608695651,79.87422028985509,3512576,1759281,1753295,2065023,99.66,58.79
Andhra Pradesh,West Godavari,16.63297943925236,81.45912990654196,3936966,1964918,1972048,2652389,100.36,67.37
Arunachal Pradesh,Changlang,27.36048479338845,96.37552644628106,148226,76948,71278,73174,92.63,49.37
Arunachal Pradesh,East Kameng,27.371194055944056,93.04741486013997,78690,38775,39915,38449,102.94,48.86
Arunachal Pradesh,East Siang,28.15382352941176,95.06499226006191,99214,50116,49098,62576,97.97,63.07
Arunachal Pradesh,Kurung Kumey,28.04853351800553,93.24531994459834,92076,45318,46758,36606,103.18,39.76
Arunachal Pradesh,Lohit,27.946785273972623,96.59670770547945,145726,76221,69505,83062,91.19,57.0
Arunachal Pradesh,Lower Dibang Valley,28.32651730103806,95.76567335640142,54080,28053,26027,31849,92.78,58.89
Arunachal Pradesh,Lower Subansiri,27.70849297297297,93.96226108108112,83030,41843,41187,54057,98.43,65.11
Arunachal Pradesh,Papum Pare,27.273529716981127,93.54468183962264,176573,89182,87391,121048,97.99,68.55
Arunachal Pradesh,Tawang,27.680683962264148,91.82504245283016,49977,29151,20826,26073,71.44,52.17
Arunachal Pradesh,Tirap,26.94406229508198,95.41470327868862,111975,57604,54371,47974,94.39,42.84
Arunachal Pradesh,Upper Siang,28.8309244897959,95.00155765306124,35320,18699,16621,18195,88.89,51.51
Arunachal Pradesh,Upper Subansiri,28.277196566523585,93.8991435622318,83448,41758,41690,45278,99.84,54.26
Arunachal Pradesh,West Kameng,27.46486582278483,92.65015750452083,83947,46155,37792,48492,81.88,57.77
Arunachal Pradesh,West Siang,28.106296920289843,94.53510344202908,112274,58168,54106,64746,93.02,57.67
Assam,Barpeta,26.427872264631056,90.97912010178116,1693622,867004,826618,897058,95.34,52.97
Assam,Bongaigaon,26.45012521994133,90.6734296187684,738804,375818,362986,434078,96.59,58.75
Assam,Cachar,24.815570668693017,92.86849650455927,1736617,886284,850333,1174128,95.94,67.61
Assam,Darrang,26.58463215962442,92.04141338028155,928500,475273,453227,487039,95.36,52.45
Assam,Dhemaji,27.586533438485816,94.71336908517353,686133,351249,334884,423028,95.34,61.65
Assam,Dibrugarh,27.30612284482757,95.0998282327587,1326335,676434,649901,884531,96.08,66.69
Assam,Goalpara,26.017277777777807,90.59869891598912,1008183,513292,494891,563577,96.42,55.9
Assam,Golaghat,26.377219709794485,93.82583397823468,1066888,543161,523727,721764,96.42,67.65
Assam,Hailakandi,24.457496089385486,92.59154664804475,659296,337890,321406,407366,95.12,61.79
Assam,Jorhat,26.76244824016563,94.30197722567289,1092256,556805,535451,794929,96.16,72.78
Assam,Kamrup,26.170939452054807,91.58863273972592,1517542,778461,739081,995319,94.94,65.59
Assam,Karbi Anglong,26.08966454598031,93.11536570271832,956313,490167,466146,557214,95.1,58.27
Assam,Karimganj,24.69660712250711,92.3679498575498,1228686,625864,602822,795297,96.32,64.73
Assam,Kokrajhar,26.497246635730868,90.13997470997688,887142,452905,434237,489305,95.88,55.16
Assam,Lakhimpur,27.14128805970149,94.0775949253732,1042137,529674,512463,683486,96.75,65.59
Assam,Nagaon,26.26462170626351,92.9306191144708,2823768,1439112,1384656,1710716,96.22,60.58
Assam,Nalbari,26.46323767605632,91.40598521126763,771639,396006,375633,531771,94.86,68.91
Assam,Sonitpur,26.73514926829268,92.85197804878044,1924110,983904,940206,1108572,95.56,57.61
Assam,Tinsukia,27.53549291139241,95.69055949367085,1327929,680231,647698,798322,95.22,60.12
Bihar,Araria,26.211528119180603,87.30766554934816,2811569,1463333,1348236,1195768,92.13,42.53
Bihar,Aurangabad,24.774291867469877,84.45986024096379,2540073,1318684,1221389,1466002,92.62,57.71
Bihar,Aurangabad,24.774291867469877,84.45986024096379,3701282,1924469,1776813,2503837,92.33,67.65
Bihar,Banka,24.832355642023337,86.8664916342413,2034763,1067140,967623,965321,90.67,47.44
Bihar,Begusarai,25.54302613168723,86.12560144032932,2970541,1567660,1402881,1548673,89.49,52.13
Bihar,Bhagalpur,25.277192885375477,87.04213814229242,3037766,1615663,1422103,1573066,88.02,51.78
Bihar,Bhojpur,25.50666439393939,84.49407803030304,2728407,1430380,1298027,1599151,90.75,58.61
Bihar,Buxar,25.48593018867924,84.08808081760995,1706352,887977,818375,989807,92.16,58.01
Bihar,Darbhanga,26.146187719298258,85.97387352472099,3937385,2059949,1877436,1816634,91.14,46.14
Bihar,Gaya,24.7266541547278,84.94291217765044,4391418,2266566,2124852,2297613,93.75,52.32
Bihar,Gopalganj,26.44874364161851,84.34636127167629,2562012,1267666,1294346,1382998,102.1,53.98
Bihar,Jamui,24.78418380462726,86.26316298200514,1760405,916064,844341,858588,92.17,48.77
Bihar,Jehanabad,25.155679045643165,84.9208124481328,1125313,585582,539731,618881,92.17,55.0
Bihar,Katihar,25.56565356037151,87.70466083591326,3071029,1600430,1470599,1280190,91.89,41.69
Bihar,Khagaria,25.53558891454964,86.56593256351037,1666886,883786,783100,768028,88.61,46.08
Bihar,Kishanganj,26.324336758321294,87.95045007235886,1690400,866970,823430,745056,94.98,44.08
Bihar,Lakhisarai,25.183449321266963,86.12825701357468,1000912,526345,474567,507270,90.16,50.68
Bihar,Madhepura,25.77341929460581,86.8978443983403,2001762,1047559,954203,834577,91.09,41.69
Bihar,Madhubani,26.41380538172716,86.16328360450552,4487379,2329313,2158066,2155338,92.65,48.03
Bihar,Munger,25.198537962962963,86.54173672839504,1367765,729041,638724,801817,87.61,58.62
Bihar,Muzaffarpur,26.18664417177915,85.32745092024543,4801062,2527497,2273565,2509232,89.95,52.26
Bihar,Nalanda,25.229345508982053,85.48053113772461,2877653,1497060,1380593,1519933,92.22,52.82
Bihar,Nawada,24.825708836206903,85.61594568965519,2219146,1144668,1074478,1091012,93.87,49.16
Bihar,Pashchim Champaran,27.16064352201258,84.30265911949685,3935042,2061110,1873932,1759481,90.92,44.71
Bihar,Patna,25.40297114503818,85.3198433587787,5838465,3078512,2759953,3459679,89.65,59.26
Bihar,Purba Champaran,26.68129336734693,85.00382155612242,5099371,2681209,2418162,2276957,90.19,44.65
Bihar,Purnia,25.81714801901739,87.40447606973065,3264619,1699370,1565249,1332326,92.11,40.81
Bihar,Rohtas,24.99170460829495,83.9350762672811,2959918,1543546,1416372,1799832,91.76,60.81
Bihar,Saharsa,25.821270696721303,86.54670819672135,1900661,997174,903487,804996,90.6,42.35
Bihar,Samastipur,25.793205563909765,85.94833323308269,4261566,2230003,2031563,2142880,91.1,50.28
Bihar,Saran,25.89656077844312,84.82266287425155,3951862,2022821,1929041,2157454,95.36,54.59
Bihar,Sheikhpura,25.12472436548223,85.77839390862943,636342,329743,306599,328676,92.98,51.65
Bihar,Sheohar,26.458380748663107,85.29539411764709,656246,346673,309573,283698,89.3,43.23
Bihar,Sitamarhi,26.56570069686413,85.61172491289203,3423574,1803252,1620322,1436794,89.86,41.97
Bihar,Siwan,26.1736372013652,84.33766552901022,3330464,1675090,1655374,1930175,98.82,57.96
Bihar,Supaul,26.28157893772896,86.78496465201461,2229076,1155283,1073793,1033283,92.95,46.35
Bihar,Vaishali,25.8134703180212,85.39247597173153,3495021,1844535,1650486,1926740,89.48,55.13
Chandigarh,Chandigarh,30.7426,76.75872465753424,1055450,580663,474787,805438,81.77,76.31
Chhattisgarh,Bastar,19.393866751269048,81.52895126903546,1413199,698487,714712,650863,102.32,46.06
Chhattisgarh,Bilaspur,22.356942982456143,81.99770350877188,381956,192764,189192,287620,98.15,75.3
Chhattisgarh,Bilaspur,22.356942982456143,81.99770350877188,2663629,1351574,1312055,1596560,97.08,59.94
Chhattisgarh,Dhamtari,20.554912627291245,81.7569195519348,799781,397897,401884,546833,101.0,68.37
Chhattisgarh,Durg,21.194463849287164,81.33181639511197,3343872,1682101,1661771,2303378,98.79,68.88
Chhattisgarh,Jashpur,22.77286167664669,83.8703962075848,851669,424747,426922,495415,100.51,58.17
Chhattisgarh,Korba,22.491712499999995,82.57604326923074,1206640,612915,593725,748759,96.87,62.05
Chhattisgarh,Koriya,23.50412776859501,82.12515636363635,658917,334737,324180,397823,96.85,60.38
Chhattisgarh,Mahasamund,21.223727037773354,82.65925427435384,1032754,511967,520787,637963,101.72,61.77
Chhattisgarh,Raigarh,22.008265068493166,83.27797698630134,1493984,750278,743706,951639,99.12,63.7
Chhattisgarh,Raigarh,22.008265068493166,83.27797698630134,2634200,1344345,1289855,1939994,95.95,73.65
Chhattisgarh,Raipur,20.88603153846152,82.20032759615388,4063872,2048186,2015686,2629749,98.41,64.71
Chhattisgarh,Surguja,23.32719278728607,83.23582493887531,2359886,1193129,1166757,1187941,97.79,50.34
Daman and Diu,Daman,20.431616666666677,72.8392366071429,191173,124659,66514,150348,53.36,78.64
Daman and Diu,Junagadh,20.72568199498111,70.83985639899612,2743082,1404356,1338726,1842818,95.33,67.18
Goa,North Goa,15.548723418714054,73.80667997909038,818008,416677,401331,663060,96.32,81.06
Goa,South Goa,15.195278658183785,73.941792596877,640537,322463,318074,502427,98.64,78.44
Gujarat,Ahmadabad,22.605425564971743,72.23898135593227,7214225,3788051,3426174,5435760,90.45,75.35
Gujarat,Amreli,21.04832649310872,71.43457637825426,1514190,771049,743141,995459,96.38,65.74
Gujarat,Anand,22.282718206229863,72.57782051557454,2092745,1087224,1005521,1551253,92.49,74.13
Gujarat,Banas Kantha,24.258538965517253,71.93205252873561,3120506,1610379,1510127,1704923,93.77,54.64
Gujarat,Bharuch,21.75787276237761,72.67326346710801,1551019,805707,745312,1118276,92.5,72.1
Gujarat,Bhavnagar,21.70219390341736,72.16272632761141,2880365,1490201,1390164,1887255,93.29,65.52
Gujarat,Gandhinagar,23.193679790026252,72.67221679790026,1391753,723864,667889,1030494,92.27,74.04
Gujarat,Jamnagar,22.410600414263328,69.62062005768233,2160119,1114192,1045927,1396534,93.87,64.65
Gujarat,Junagadh,20.929523011609785,70.54733890140345,2743082,1404356,1338726,1842818,95.33,67.18
Gujarat,Kachchh,23.48057203301311,68.82192301497916,2092371,1096737,995634,1252319,90.78,59.85
Gujarat,Kheda,22.88765312500002,73.018803515625,2299885,1185727,1114158,1660243,93.96,72.19
Gujarat,Mahesana,23.529355452865065,72.45545194085031,2035064,1056520,978544,1502645,92.62,73.84
Gujarat,Narmada,21.70666386292833,73.68403208722742,590297,301086,289211,370336,96.06,62.74
Gujarat,Navsari,20.866973318871995,72.86184869848157,1329672,678165,651507,1001909,96.07,75.35
Gujarat,Panch Mahals,22.80435606837605,73.61984598290586,2390776,1226961,1163815,1440805,94.85,60.27
Gujarat,Patan,23.80634198473284,71.75162977099237,1343734,694397,649337,837913,93.51,62.36
Gujarat,Porbandar,21.55092351651571,69.71896987722886,585449,300209,285240,393678,95.01,67.24
Gujarat,Rajkot,22.40603377715488,70.83679439383323,3804558,1974445,1830113,2725056,92.69,71.63
Gujarat,Sabar Kantha,23.71803594548552,73.13638790459964,2428589,1244231,1184358,1578734,95.19,65.01
Gujarat,Surat,21.25761372772093,72.93488716344339,6081322,3402224,2679098,4571410,78.75,75.17
Gujarat,Surendranagar,22.82672007299272,71.48358740875906,1756268,909917,846351,1093626,93.01,62.27
Gujarat,The Dangs,20.801633877551023,73.6883518367347,228291,113821,114470,140968,100.57,61.75
Gujarat,Vadodara,22.26133739279589,73.49433010291594,4165626,2153736,2011890,2893080,93.41,69.45
Gujarat,Valsad,20.44238231644259,72.9148584798345,1705678,887222,818456,1170657,92.25,68.63
Haryana,Ambala,30.3503672316384,76.94970310734456,1128350,598703,529647,818025,88.47,72.5
Haryana,Bhiwani,28.728868064516128,76.02110225806452,1634445,866672,767773,1069871,88.59,65.46
Haryana,Faridabad,28.14873109756098,77.32718536585368,1809733,966110,843623,1272739,87.32,70.33
Haryana,Fatehabad,29.57298318584072,75.54608716814157,942011,495360,446651,557578,90.17,59.19
Haryana,Gurgaon,28.043894789579163,77.01935130260523,1514432,816690,697742,1111116,85.44,73.37
Haryana,Hisar,29.23628731117825,75.84324682779452,1743931,931562,812369,1114311,87.21,63.9
Haryana,Jhajjar,28.59651868131869,76.61137142857145,958405,514667,443738,676091,86.22,70.54
Haryana,Jind,29.45149821958457,76.29598575667653,1334152,713006,621146,832758,87.12,62.42
Haryana,Kaithal,29.96068539094649,76.37698930041155,1074304,571003,503301,646529,88.14,60.18
Haryana,Karnal,29.703200647249204,76.87488025889972,1505324,797712,707612,978013,88.71,64.97
Haryana,Kurukshetra,30.05652659846548,76.78774680306903,964655,510976,453679,646893,88.79,67.06
Haryana,Mahendragarh,28.1352161458333,76.14018072916659,922088,486665,435423,630255,89.47,68.35
Haryana,Panchkula,30.700897142857134,76.97173238095236,561293,299679,261614,405318,87.3,72.21
Haryana,Panipat,29.34352134146342,76.92895914634147,1205437,646857,558580,786599,86.35,65.25
Haryana,Rewari,28.19164714828897,76.55956007604564,900332,474335,425997,636947,89.81,70.75
Haryana,Rohtak,28.892517647058817,76.53123235294117,1061204,568479,492725,747582,86.67,70.45
Haryana,Sirsa,29.63583446327684,74.90970480225988,1295189,682582,612607,782897,89.75,60.45
Himachal Pradesh,Bilaspur,31.3780422907489,76.65316079295157,381956,192764,189192,287620,98.15,75.3
Himachal Pradesh,Bilaspur,31.3780422907489,76.65316079295157,2663629,1351574,1312055,1596560,97.08,59.94
Himachal Pradesh,Chamba,32.66741814595661,76.39354063116366,519080,261320,257760,323842,98.64,62.39
Himachal Pradesh,Hamirpur,31.67668481012659,76.49767088607594,454768,217070,237698,358091,109.5,78.74
Himachal Pradesh,Hamirpur,31.67668481012659,76.49767088607594,1104285,593537,510748,653299,86.05,59.16
Himachal Pradesh,Kangra,32.14093603238864,76.41205910931173,1510075,750591,759484,1152640,101.18,76.33
Himachal Pradesh,Kinnaur,31.60667184065933,78.51613736263741,84121,46249,37872,60699,81.89,72.16
Himachal Pradesh,Kullu,31.90911922077925,77.40922649350647,437903,225452,212451,307672,94.23,70.26
Himachal Pradesh,Mandi,31.635805940594054,76.96556930693067,999777,498065,501712,723747,100.73,72.39
Himachal Pradesh,Shimla,31.155725451807253,77.62573042168668,814010,425039,388971,612642,91.51,75.26
Himachal Pradesh,Sirmaur,30.682764453961443,77.43184689507493,529855,276289,253566,362645,91.78,68.44
Himachal Pradesh,Solan,31.03864311926604,76.94442140672783,580320,308754,271566,428578,87.96,73.85
Himachal Pradesh,Una,31.58330388349513,76.18353932038836,521173,263692,257481,399715,97.64,76.7
Jammu and Kashmir,Doda,33.359614675767915,76.07163720136518,409936,213641,196295,219083,91.88,53.44
Jammu and Kashmir,Jammu,32.713199095022645,74.8477520361991,1529958,813821,716137,1137135,88.0,74.32
Jammu and Kashmir,Kargil,33.565994894894914,76.63675315315312,140802,77785,63017,86236,81.01,61.25
Jammu and Kashmir,Kathua,32.51781678321678,75.58901398601404,616435,326109,290326,389204,89.03,63.14
Jammu and Kashmir,Pulwama,33.88414418604652,75.00921860465118,560440,293064,267376,293958,91.23,52.45
Jammu and Kashmir,Punch,33.791241290322574,74.29593161290322,476835,251899,224936,261724,89.3,54.89
Jammu and Kashmir,Srinagar,34.27312898550724,75.11021159420288,1236829,651124,585705,748584,89.95,60.52
Jammu and Kashmir,Udhampur,33.04770670731707,75.15286951219511,554985,296784,258201,322354,87.0,58.08
Jharkhand,Bokaro,23.6814965034965,85.98398374125864,2062330,1072807,989523,1273520,92.24,61.75
Jharkhand,Chatra,24.11619945750453,84.93295804701627,1042886,533935,508951,510061,95.32,48.91
Jharkhand,Deoghar,24.33070100755672,86.75697632241814,1492073,775022,717051,793538,92.52,53.18
Jharkhand,Dhanbad,23.854509090909097,86.40372924901185,2684487,1405956,1278531,1722204,90.94,64.15
Jharkhand,Dumka,24.275006125574265,87.27662450229711,1321442,668514,652928,672409,97.67,50.88
Jharkhand,Garhwa,24.082114689265527,83.68664265536722,1322784,683575,639209,653476,93.51,49.4
Jharkhand,Giridih,24.30578509874329,86.08710915619386,2445474,1258098,1187376,1253475,94.38,51.26
Jharkhand,Godda,24.8189,87.2941735483871,1313551,677927,635624,604519,93.76,46.02
Jharkhand,Gumla,23.078532948929148,84.55056787479396,1025213,514390,510823,559720,99.31,54.6
Jharkhand,Jamtara,23.97873318077801,86.95325080091534,791042,404830,386212,426312,95.4,53.89
Jharkhand,Latehar,23.72511185840708,84.48298743362837,726978,369666,357312,350682,96.66,48.24
Jharkhand,Lohardaga,23.488796043165483,84.6605169064748,461790,232629,229161,259707,98.51,56.24
Jharkhand,Pakur,24.57260428082189,87.69691969178076,900422,452661,447761,352881,98.92,39.19
Jharkhand,Palamu,24.196925968109337,84.20310842824594,1939869,1006302,933567,1024563,92.77,52.82
Jharkhand,Ranchi,23.184235061391547,85.31781937244203,2914253,1494937,1419316,1911433,94.94,65.59
Jharkhand,Sahibganj,24.93667989690721,87.68264097938142,1150567,589391,561176,483263,95.21,42.0
Jharkhand,Simdega,22.608760391198054,84.59193691931536,599578,300309,299269,343483,99.65,57.29
Karnataka,Bagalkot,16.15860676328503,75.64526070853468,1889752,950111,939641,1113412,98.9,58.92
Karnataka,Bangalore Rural,12.936827087794448,77.47369314775169,990923,509172,481751,688749,94.61,69.51
Karnataka,Belgaum,16.16107219152853,74.72329042357275,4779661,2423063,2356598,3052032,97.26,63.85
Karnataka,Bellary,15.074377548209377,76.47228471074374,2452595,1236954,1215641,1421621,98.28,57.96
Karnataka,Bidar,17.950361730769224,77.19459961538459,1703300,870665,832635,1042673,95.63,61.21
Karnataka,Bijapur,16.84015316666667,75.95909166666665,255230,128663,126567,86919,98.37,34.06
Karnataka,Bijapur,16.84015316666667,75.95909166666665,2177331,1111022,1066309,1248268,95.98,57.33
Karnataka,Chikmagalur,13.425288289676422,75.67626502311249,1137961,566622,571339,818345,100.83,71.91
Karnataka,Chitradurga,14.29102220394736,76.57821957236843,1659456,840843,818613,1087392,97.36,65.53
Karnataka,Davanagere,14.330414586709884,75.91723841166937,1945497,986400,959097,1308540,97.23,67.26
Karnataka,Dharwad,15.343831376975173,75.13831264108359,1847023,937206,909817,1301664,97.08,70.47
Karnataka,Gadag,15.507128256880746,75.64861302752298,1064570,537147,527423,700177,98.19,65.77
Karnataka,Gulbarga,17.070459515951594,76.87503850385033,2566326,1301755,1264571,1427368,97.14,55.62
Karnataka,Hassan,12.945098749999998,76.11049549999997,1776421,883667,892754,1225256,101.03,68.97
Karnataka,Haveri,14.737582809224318,75.3961230607966,1597668,819128,778540,1085443,95.04,67.94
Karnataka,Kodagu,12.39684468085106,75.79336595744688,554519,274608,279911,412877,101.93,74.46
Karnataka,Kolar,13.312799881235172,78.01376947743476,1536401,776396,760005,1016219,97.89,66.14
Karnataka,Koppal,15.651253271028034,76.1617048598131,1389920,699926,689994,809085,98.58,58.21
Karnataka,Mandya,12.574901806239744,76.81570098522172,1805769,905085,900684,1149649,99.51,63.67
Karnataka,Mysore,12.248100259403367,76.52881802853437,3001127,1511600,1489527,1962180,98.54,65.38
Karnataka,Raichur,16.050795353982295,76.87368606194688,1928812,964511,964301,979769,99.98,50.8
Karnataka,Shimoga,14.063845885634592,75.17882078103197,1752753,877415,875338,1263016,99.76,72.06
Karnataka,Tumkur,13.592467760074973,77.02297966260545,2678980,1350594,1328386,1813391,98.36,67.69
Karnataka,Udupi,13.450404228534568,74.72009990316337,1177361,562131,615230,926429,109.45,78.69
Kerala,Alappuzha,9.542602965599087,76.38010796263319,2127789,1013142,1114647,1852797,110.02,87.08
Kerala,Ernakulam,10.004879301987431,76.26957729035381,3282388,1619557,1662831,2855676,102.67,87.0
Kerala,Idukki,9.80480963855423,77.04586641566264,1108974,552808,556166,923010,100.61,83.23
Kerala,Kannur,11.941523076923056,75.35209891725934,2523003,1181446,1341557,2138434,113.55,84.76
Kerala,Kasaragod,12.33310309912974,75.07768497134369,1307375,628613,678762,1037492,107.98,79.36
Kerala,Kollam,8.929388820570157,76.6360775852431,2635375,1246968,1388407,2240273,111.34,85.01
Kerala,Kottayam,9.643701174068417,76.46059673302705,1974551,968289,1006262,1749798,103.92,88.62
Kerala,Kozhikode,11.392924270557026,75.71158720159153,3086293,1470942,1615351,2615443,109.82,84.74
Kerala,Malappuram,10.97329875666072,75.93910775606876,4112920,1960328,2152592,3311315,109.81,80.51
Kerala,Palakkad,10.784926903553291,76.49980490693744,2809934,1359478,1450456,2239492,106.69,79.7
Kerala,Thiruvananthapuram,8.537101759082221,76.88711502868073,3301427,1581678,1719749,2785408,108.73,84.37
Kerala,Thrissur,10.458932647907687,76.12321940836945,3121200,1480763,1640437,2678548,110.78,85.82
Kerala,Wayanad,11.715277464788736,76.07587007042254,817420,401684,415736,645585,103.5,78.98
Madhya Pradesh,Anuppur,23.18184220430107,81.86560000000007,749237,379114,370123,436595,97.63,58.27
Madhya Pradesh,Ashoknagar,24.63098846153845,77.82974493927134,845071,443837,401234,469109,90.4,55.51
Madhya Pradesh,Balaghat,21.80020720640569,80.42170053380796,1701698,842178,859520,1147623,102.06,67.44
Madhya Pradesh,Barwani,21.702135714285724,74.91004719710673,1385881,699340,686541,549926,98.17,39.68
Madhya Pradesh,Betul,21.964626315789477,77.7873428189117,1575362,799236,776126,939769,97.11,59.65
Madhya Pradesh,Bhind,26.35951126187245,78.7618324287653,1703005,926843,776162,1094917,83.74,64.29
Madhya Pradesh,Bhopal,23.480726143790854,77.39246623093679,2371061,1236130,1134931,1660690,91.81,70.04
Madhya Pradesh,Burhanpur,21.364567254408065,76.24460478589425,757847,388504,369343,408679,95.07,53.93
Madhya Pradesh,Chhatarpur,24.813637376460004,79.56449299191374,1762375,936121,826254,943033,88.26,53.51
Madhya Pradesh,Chhindwara,22.227966971713823,78.76413136439254,2090922,1064468,1026454,1294198,96.43,61.9
Madhya Pradesh,Damoh,23.76624407960196,79.47049303482588,1264219,661873,602346,747715,91.01,59.14
Madhya Pradesh,Datia,25.90226439560441,78.63916571428574,786754,420157,366597,491445,87.25,62.46
Madhya Pradesh,Dewas,22.7851110021322,76.46088805970157,1563715,805359,758356,925369,94.16,59.18
Madhya Pradesh,Dhar,22.572681718963157,75.1105620736698,2185793,1112725,1073068,1077338,96.44,49.29
Madhya Pradesh,Dindori,22.83738437047757,81.04332966714911,704524,351913,352611,378714,100.2,53.75
Madhya Pradesh,Guna,24.49043927178156,77.2235895968791,1241519,649362,592157,653980,91.19,52.68
Madhya Pradesh,Gwalior,26.04074441964285,78.12782433035713,2032036,1090327,941709,1357210,86.37,66.79
Madhya Pradesh,Harda,22.227659781121783,77.07022571819435,570465,294838,275627,352550,93.48,61.8
Madhya Pradesh,Hoshangabad,22.595268801996703,78.02168094841929,1241350,648725,592625,810644,91.35,65.3
Madhya Pradesh,Indore,22.680265752128648,75.9133801324502,3276697,1699627,1577070,2309130,92.79,70.47
Madhya Pradesh,Jabalpur,23.18525572327043,79.98328754716981,2463289,1277278,1186011,1756468,92.85,71.31
Madhya Pradesh,Jhabua,22.419578015397768,74.40921616766468,1025048,515023,510025,352081,99.03,34.35
Madhya Pradesh,Katni,23.724416229116937,80.33819665871127,1292042,662013,630029,790773,95.17,61.2
Madhya Pradesh,Mandla,22.70348712446353,80.38600543633753,1054905,525272,529633,604962,100.83,57.35
Madhya Pradesh,Mandsaur,24.19278764044944,75.43588667736759,1340411,682851,657560,834591,96.3,62.26
Madhya Pradesh,Morena,26.37313504531724,77.88447341389724,1965970,1068417,897553,1179685,84.01,60.01
Madhya Pradesh,Neemuch,24.70311893333336,75.06608186666664,826067,422653,403414,508834,95.45,61.6
Madhya Pradesh,Panna,24.451325840092657,80.21133001158752,1016520,533480,483040,552559,90.55,54.36
Madhya Pradesh,Raisen,23.292518206521724,78.16305495923909,1331597,700358,631239,820220,90.13,61.6
Madhya Pradesh,Rajgarh,23.785499026425583,76.66431223922116,1545814,790212,755602,804245,95.62,52.03
Madhya Pradesh,Ratlam,23.503562290502792,75.14895782122909,1455069,738241,716828,825880,97.1,56.76
Madhya Pradesh,Rewa,24.861184625158856,81.57572465057183,2365106,1225100,1140006,1441757,93.05,60.96
Madhya Pradesh,Sagar,23.800318709677374,78.71940357771273,2378458,1256257,1122201,1545719,89.33,64.99
Madhya Pradesh,Satna,24.62777621776502,80.75547048710598,2228935,1157495,1071440,1371781,92.57,61.54
Madhya Pradesh,Sehore,22.9297199679658,77.06780202883085,1311332,683743,627589,780362,91.79,59.51
Madhya Pradesh,Seoni,22.33230487804874,79.66053863928111,1379131,695879,683252,864194,98.19,62.66
Madhya Pradesh,Shahdol,23.44859864559819,81.4596831828442,1066063,540021,526042,604194,97.41,56.68
Madhya Pradesh,Shajapur,23.566620317220547,76.33555181268885,1512681,780520,732161,894612,93.8,59.14
Madhya Pradesh,Sheopur,25.78014810996563,77.16911116838484,687861,361784,326077,328025,90.13,47.69
Madhya Pradesh,Shivpuri,25.37802451874367,77.74861600810549,1726050,919795,806255,900846,87.66,52.19
Madhya Pradesh,Sidhi,24.17547189952905,82.1053783359498,1127033,575912,551121,600785,95.7,53.31
Madhya Pradesh,Tikamgarh,25.14099852104666,78.89357064846428,1445166,760355,684811,747940,90.06,51.75
Madhya Pradesh,Ujjain,23.319288862745065,75.80383717647058,1986864,1016289,970575,1240990,95.5,62.46
Madhya Pradesh,Umaria,23.59601063063061,80.90879477477475,644758,330674,314084,356672,94.98,55.32
Madhya Pradesh,Vidisha,23.82838307984792,77.9013507604563,1458875,769568,689307,862918,89.57,59.15
Maharashtra,Akola,20.746310479041902,77.12122320359276,1813906,932334,881572,1411281,94.56,77.8
Maharashtra,Amravati,21.16520991810736,77.67583503184723,2888445,1480768,1407677,2251875,95.06,77.96
Maharashtra,Aurangabad,20.0979228832952,75.32072196796334,2540073,1318684,1221389,1466002,92.62,57.71
Maharashtra,Aurangabad,20.0979228832952,75.32072196796334,3701282,1924469,1776813,2503837,92.33,67.65
Maharashtra,Bhandara,21.211792649727748,80.10950199637024,1200334,605520,594814,899860,98.23,74.97
Maharashtra,Bid,18.952353340080982,75.69319706477731,2585049,1349106,1235943,1718507,91.61,66.48
Maharashtra,Buldana,20.56680611183355,76.39017880364096,2586258,1337560,1248698,1879874,93.36,72.69
Maharashtra,Chandrapur,20.095609090909075,79.31556380471388,2204307,1123834,1080473,1578615,96.14,71.62
Maharashtra,Dhule,21.274018690400517,74.58719071837263,2050862,1054031,996831,1293916,94.57,63.09
Maharashtra,Gondiya,21.225008411214997,80.17522698598128,1322507,661554,660953,1004243,99.91,75.93
Maharashtra,Hingoli,19.59525302245251,77.09239412780653,1177345,606294,571051,790743,94.19,67.16
Maharashtra,Jalgaon,20.8828943415638,75.55140421810695,4229917,2197365,2032552,2891882,92.5,68.37
Maharashtra,Jalna,19.984612534818933,75.98473607242339,1959046,1011473,947573,1195523,93.68,61.03
Maharashtra,Kolhapur,16.44881301587301,74.12897150793648,3876001,1980658,1895343,2825845,95.69,72.91
Maharashtra,Latur,18.348687268993856,76.75812607802874,2454196,1273140,1181056,1650672,92.77,67.26
Maharashtra,Nagpur,21.196556862745105,79.02166176470584,4653570,2384975,2268595,3673808,95.12,78.95
Maharashtra,Nanded,19.209316983017,77.6829048951049,3361292,1730075,1631217,2189425,94.29,65.14
Maharashtra,Nandurbar,21.523175625248147,74.32638757443429,1648295,833170,815125,906509,97.83,55.0
Maharashtra,Nashik,20.266912871287143,74.03824168316828,6107187,3157186,2950001,4345366,93.44,71.15
Maharashtra,Osmanabad,18.19459456066944,75.99495575313809,1657576,861535,796041,1137810,92.4,68.64
Maharashtra,Parbhani,19.31032425249168,76.70163338870431,1836086,942870,893216,1157814,94.73,63.06
Maharashtra,Pune,18.51696171428573,74.12922881632647,9429408,4924105,4505303,7171723,91.49,76.06
Maharashtra,Raigarh,18.453257637845976,73.0090609418579,1493984,750278,743706,951639,99.12,63.7
Maharashtra,Raigarh,18.453257637845976,73.0090609418579,2634200,1344345,1289855,1939994,95.95,73.65
Maharashtra,Ratnagiri,17.210195070127703,73.25725893866404,1615069,761121,853948,1199392,112.2,74.26
Maharashtra,Sangli,17.154930181086502,74.70713822937628,2822143,1435728,1386415,2049467,96.57,72.62
Maharashtra,Satara,17.6737908974359,74.18052064102558,3003741,1510842,1492899,2225694,98.81,74.1
Maharashtra,Sindhudurg,16.170948049777163,73.51329008172343,849651,417332,432319,666067,103.59,78.39
Maharashtra,Solapur,17.837357937584812,75.42394823609216,4317756,2227852,2089904,2910676,93.81,67.41
Maharashtra,Thane,19.698767747440264,72.79882742564581,11060148,5865078,5195070,8227161,88.58,74.39
Maharashtra,Wardha,20.80743024390242,78.57259105691062,1300774,668385,632389,1019458,94.61,78.37
Maharashtra,Washim,20.282282394366213,77.25502394366208,1197160,620302,576858,869917,93.0,72.67
Maharashtra,Yavatmal,20.04258346738159,78.05326371760479,2772348,1419965,1352383,2022574,95.24,72.96
Manipur,Bishnupur,24.50712111801243,93.8246236024845,237399,118782,118617,156333,99.86,65.85
Manipur,Chandel,24.2635812987013,94.09443844155844,144182,74579,69603,90302,93.33,62.63
Manipur,Churachandpur,24.30309718875504,93.38671506024085,274143,138820,135323,195935,97.48,71.47
Manipur,Senapati,25.08465586034914,94.03366234413956,479148,247323,231825,264477,93.73,55.2
Manipur,Tamenglong,24.98312942238265,93.49450740072204,140651,72371,68280,85006,94.35,60.44
Manipur,Thoubal,24.545392553191498,93.97959893617023,422168,210845,211323,269304,100.23,63.79
Manipur,Ukhrul,25.05900314960629,94.44129566929138,183998,94718,89280,129829,94.26,70.56
Meghalaya,East Garo Hills,25.82728228228228,90.64684924924916,317917,161223,156694,192147,97.19,60.44
Meghalaya,East Khasi Hills,25.303763888888884,91.75922519841272,825922,410749,415173,578030,101.08,69.99
Meghalaya,Jaintia Hills,25.33959557069844,92.37608160136298,395124,196285,198839,187527,101.3,47.46
Meghalaya,South Garo Hills,25.240568578553614,90.64560349127176,142334,73170,69164,82062,94.53,57.65
Meghalaya,West Garo Hills,25.495285185185185,90.03709947089942,643291,324159,319132,358702,98.45,55.76
Meghalaya,West Khasi Hills,25.500889926739926,91.25364542124538,383461,193715,189746,230678,97.95,60.16
Mizoram,Aizawl,23.90781335453101,92.85359459459472,400309,199270,201039,340595,100.89,85.08
Mizoram,Champhai,23.54166580976866,93.24221799485862,125745,63388,62357,100802,98.37,80.16
Mizoram,Kolasib,24.2020004347826,92.73470391304348,83955,42918,41037,65895,95.62,78.49
Mizoram,Lawngtlai,22.36102843137253,92.66964156862753,117894,60599,57295,62861,94.55,53.32
Mizoram,Lunglei,23.007717036172675,92.63512555425892,161428,82891,78537,121122,94.75,75.03
Mizoram,Mamit,23.73852942502819,92.4330803833147,86364,44828,41536,60191,92.66,69.69
Mizoram,Saiha,22.35744801061008,93.02827931034489,56574,28594,27980,42233,97.85,74.65
Mizoram,Serchhip,23.263864705882344,92.914158496732,64937,32851,32086,54476,97.67,83.89
Nagaland,Dimapur,25.814176811594223,93.75074057971014,378811,197394,181417,278037,91.91,73.4
Nagaland,Kohima,25.60311428571428,93.78600657596373,267988,138966,129022,197489,92.84,73.69
Nagaland,Mokokchung,26.478911764705888,94.522426006192,194622,101092,93530,159494,92.52,81.95
Nagaland,Mon,26.69207374301676,95.03072988826828,250260,131753,118507,119626,89.95,47.8
Nagaland,Phek,25.63272986577182,94.56814563758392,163418,83743,79675,105893,95.14,64.8
Nagaland,Tuensang,26.21104453280316,94.85809880715708,196596,101933,94663,117511,92.87,59.77
Nagaland,Wokha,26.202611551155112,94.1990815181518,166343,84505,81838,128208,96.84,77.07
Nagaland,Zunheboto,26.028178205128206,94.50026666666668,140757,71217,69540,102881,97.65,73.09
Orissa,Baleshwar,21.48570932311624,87.08085828011933,2320529,1185787,1134742,1621232,95.7,69.86
Orissa,Bhadrak,20.95262735257214,86.81496204516931,1506337,760260,746077,1094140,98.13,72.64
Orissa,Cuttack,20.407640646029623,85.7776810228802,2624470,1352760,1271710,2011469,94.01,76.64
Orissa,Dhenkanal,20.79887159353349,85.53226836027711,1192811,612593,580218,829910,94.72,69.58
Orissa,Gajapati,19.121080882352945,84.14015091911759,577817,282882,294935,262537,104.26,45.44
Orissa,Ganjam,19.2632617564534,84.80297710437702,3529031,1779218,1749813,2210050,98.35,62.62
Orissa,Jharsuguda,21.827058566978184,83.93581682242987,579505,296690,282815,405879,95.32,70.04
Orissa,Kalahandi,19.784253092783523,83.1124043814433,1576869,787101,789768,802036,100.34,50.86
Orissa,Kandhamal,20.092878624813142,84.02216352765326,733110,359945,373165,399786,103.67,54.53
Orissa,Kendrapara,20.606319815982264,86.83763247572003,1440361,717814,722547,1089265,100.66,75.62
Orissa,Khordha,20.054162322274863,85.52234834123229,2251673,1167137,1084536,1749936,92.92,77.72
Orissa,Koraput,18.82627794779476,82.81278469846964,1379647,678809,700838,568090,103.25,41.18
Orissa,Malkangiri,18.25227930367506,81.98293636363628,613192,303624,309568,244706,101.96,39.91
Orissa,Mayurbhanj,21.897621545157754,86.4030408052231,2519738,1256213,1263525,1369397,100.58,54.35
Orissa,Nayagarh,20.192895622119817,85.05614700460825,962789,502636,460153,688362,91.55,71.5
Orissa,Nuapada,20.471309512195116,82.59152536585364,610382,301962,308420,299383,102.14,49.05
Orissa,Puri,19.83509174603177,85.86698989898981,1698730,865380,833350,1291939,96.3,76.05
Orissa,Rayagada,19.292840020060204,83.45860120361095,967911,471960,495951,407735,105.08,42.13
Orissa,Sambalpur,21.515752380952385,84.34958483245157,1041099,526877,514222,703691,97.6,67.59
Orissa,Sundargarh,22.06354819277107,84.50524819277099,2093437,1061147,1032290,1342322,97.28,64.12
Puducherry,Karaikal,10.876161726078813,79.82369793621002,200222,97809,102413,154916,104.71,77.37
Puducherry,Mahe,12.006420793787758,75.28275021570326,41816,19143,22673,36470,118.44,87.22
Puducherry,Yanam,16.707695652173904,82.26187304347832,55626,27301,28325,39274,103.75,70.6
Punjab,Amritsar,31.548679820627772,74.79883856502238,2490656,1318408,1172248,1684770,88.91,67.64
Punjab,Bathinda,30.190524611973352,75.05685898004438,1388525,743197,645328,844868,86.83,60.85
Punjab,Faridkot,30.591187250996025,74.79751553784862,617508,326671,290837,381285,89.03,61.75
Punjab,Fatehgarh Sahib,30.64290947368421,76.36208394736842,600163,320795,279368,426033,87.09,70.99
Punjab,Firozpur,30.63407535211269,74.40245732394365,2029074,1071637,957437,1227511,89.34,60.5
Punjab,Gurdaspur,32.04283371212125,75.3204064393939,2298323,1212617,1085706,1634719,89.53,71.13
Punjab,Hoshiarpur,31.55157169811319,75.8469857442349,1586625,809057,777568,1199699,96.11,75.61
Punjab,Jalandhar,31.250336907216507,75.54400350515463,2193590,1145211,1048379,1622537,91.54,73.97
Punjab,Kapurthala,31.336592638036837,75.47641165644177,815168,426311,388857,576567,91.21,70.73
Punjab,Ludhiana,30.76596397379912,75.83110851528383,3498739,1867816,1630923,2560225,87.32,73.18
Punjab,Mansa,29.919547714285724,75.4304922857143,769751,408732,361019,423560,88.33,55.03
Punjab,Moga,30.756540067340065,75.1600845117845,995746,525920,469826,627889,89.33,63.06
Punjab,Muktsar,30.31243303303303,74.5518747747748,901896,475622,426274,524848,89.62,58.19
Punjab,Patiala,30.214540380693364,76.27505893949697,1895686,1002522,893164,1266791,89.09,66.82
Punjab,Rupnagar,30.910937330754347,76.53743500967126,684627,357485,327142,502731,91.51,73.43
Punjab,Sangrur,30.185045204336895,75.89437014178496,1655169,878029,777140,1002077,88.51,60.54
Rajasthan,Ajmer,26.199300378787903,74.6990419191919,2583052,1324085,1258967,1526673,95.08,59.1
Rajasthan,Alwar,27.55271738035265,76.65359630562563,3674179,1939026,1735153,2182476,89.49,59.4
Rajasthan,Banswara,23.453642032967014,74.44246868131869,1797485,907754,889731,829343,98.01,46.14
Rajasthan,Baran,24.98023243243244,76.86210651828291,1222755,633945,588810,693307,92.88,56.7
Rajasthan,Barmer,25.77070908045978,71.50297126436782,2603751,1369022,1234729,1188322,90.19,45.64
Rajasthan,Bharatpur,27.32411858037578,77.21752077244258,2548462,1355726,1192736,1480869,87.98,58.11
Rajasthan,Bhilwara,25.45119767759564,74.63947595628417,2408523,1220736,1187787,1256126,97.3,52.15
Rajasthan,Bikaner,28.12489068322981,73.26943322981371,2363937,1240801,1123136,1278801,90.52,54.1
Rajasthan,Bundi,25.48580716049379,75.79984074074079,1110906,577160,533746,585044,92.48,52.66
Rajasthan,Chittaurgarh,24.631623761665463,74.80010997846382,1544338,783171,761167,821825,97.19,53.22
Rajasthan,Churu,28.29330375536484,74.65846427038629,2039547,1051446,988101,1149269,93.98,56.35
Rajasthan,Dausa,26.91234817629181,76.57342097264443,1634409,857787,776622,938051,90.54,57.39
Rajasthan,Dhaulpur,26.72397054945053,77.74476219780222,1206516,653647,552869,683098,84.58,56.62
Rajasthan,Dungarpur,23.75104807692308,73.84765641025645,1388552,696532,692020,681591,99.35,49.09
Rajasthan,Ganganagar,29.256785412667963,73.56192303262948,1969168,1043340,925828,1193343,88.74,60.6
Rajasthan,Hanumangarh,29.1813351791531,74.74632573289902,1774692,931184,843508,1034136,90.58,58.27
Rajasthan,Jaipur,27.033459290187885,75.77117286012533,6626178,3468507,3157671,4300965,91.04,64.91
Rajasthan,Jaisalmer,26.86900838548185,71.18371877346682,669919,361708,308211,308653,85.21,46.07
Rajasthan,Jalor,25.07578093797277,72.18647261724662,1828730,936634,892096,829582,95.24,45.36
Rajasthan,Jhalawar,24.24725541474657,76.11242891705065,1411129,725143,685986,739792,94.6,52.43
Rajasthan,Jhunjhunun,28.13517401247401,75.52840893970894,2137045,1095896,1041149,1370360,95.0,64.12
Rajasthan,Jodhpur,26.678460838536967,73.00450847457628,3687165,1923928,1763237,2031532,91.65,55.1
Rajasthan,Karauli,26.51901555555556,76.96081818181815,1458248,783639,674609,805849,86.09,55.26
Rajasthan,Kota,25.175718080000014,76.18618928000001,1951014,1021161,929853,1298345,91.06,66.55
Rajasthan,Nagaur,27.07862016048146,74.14215667001012,3307743,1696325,1611418,1758624,94.99,53.17
Rajasthan,Pali,25.80490393541874,73.55285640766907,2037573,1025422,1012151,1085693,98.71,53.28
Rajasthan,Rajsamand,25.24894767441859,73.96570215946844,1156597,581339,575258,619139,98.95,53.53
Rajasthan,Sawai Madhopur,26.251081180223288,76.4219283891548,1335551,704031,631520,741748,89.7,55.54
Rajasthan,Sikar,27.64644058641976,75.29317422839503,2677333,1374990,1302343,1652117,94.72,61.71
Rajasthan,Sirohi,24.7976905263158,72.75309131578943,1036346,534231,502115,476806,93.99,46.01
Rajasthan,Tonk,26.153935071707927,75.79192216427637,1421326,728136,693190,749659,95.2,52.74
Rajasthan,Udaipur,24.44076752136749,73.84029839743584,3068420,1566801,1501619,1582629,95.84,51.58
Sikkim,East,27.29600352941175,88.74908392156858,1709346,907500,801846,1352998,88.36,79.15
Tamil Nadu,Ariyalur,11.190514836795256,79.22249643916912,754894,374703,380191,480604,101.46,63.67
Tamil Nadu,Chennai,13.058098905608748,80.28139151846806,4646732,2335844,2310888,3776276,98.93,81.27
Tamil Nadu,Coimbatore,10.871376995940452,77.07619012178621,3458045,1729297,1728748,2635907,99.97,76.23
Tamil Nadu,Cuddalore,11.57587300613498,79.63002365371497,2605914,1311697,1294217,1815281,98.67,69.66
Tamil Nadu,Dharmapuri,12.300141200000006,78.11509813333339,1506843,774303,732540,917709,94.61,60.9
Tamil Nadu,Dindigul,10.377801390820574,77.78011279554937,2159775,1080938,1078837,1481834,99.81,68.61
Tamil Nadu,Erode,11.267012155963302,77.42034334862392,2251744,1129868,1121876,1492662,99.29,66.29
Tamil Nadu,Kancheepuram,12.496424756511884,80.08820360135913,3998252,2012958,1985294,3013382,98.63,75.37
Tamil Nadu,Kanniyakumari,8.183466300191206,77.32053064053538,1870374,926345,944029,1548738,101.91,82.8
Tamil Nadu,Karur,10.79532776617955,78.08749686847604,1064493,528184,536309,727044,101.54,68.3
Tamil Nadu,Madurai,9.904313833333331,78.01366033333332,3038252,1526475,1511777,2273430,99.04,74.83
Tamil Nadu,Nagapattinam,10.789468161718286,79.79437299431483,1616450,798127,818323,1213008,102.53,75.04
Tamil Nadu,Namakkal,11.33766638477801,78.14624841437633,1726601,869280,857321,1176131,98.62,68.12
Tamil Nadu,Perambalur,11.260137758112096,78.86034011799416,565223,282157,283066,375823,100.32,66.49
Tamil Nadu,Pudukkottai,10.130514816433578,79.05444484265728,1618345,803188,815157,1110545,101.49,68.62
Tamil Nadu,Ramanathapuram,9.31286995153476,78.99185362412462,1353445,682658,670787,978946,98.26,72.33
Tamil Nadu,Salem,11.629324202127655,78.2478257978723,3482056,1781571,1700485,2285562,95.45,65.64
Tamil Nadu,Sivaganga,9.960306580645158,78.56535729032255,1339101,668672,670429,959744,100.26,71.67
Tamil Nadu,Thanjavur,10.387692255892237,79.3194869107745,2405890,1182416,1223474,1790998,103.47,74.44
Tamil Nadu,Theni,9.924066666666668,77.43458833333332,1245899,625683,620216,870080,99.13,69.84
Tamil Nadu,Thiruvallur,13.275858101752885,80.19724702864492,3728104,1876062,1852042,2791721,98.72,74.88
Tamil Nadu,Thiruvarur,10.368927409395978,79.60322893959727,1264277,626693,637584,946471,101.74,74.86
Tamil Nadu,Tiruvannamalai,12.419318947368414,79.23265631578953,2464875,1235889,1228986,1626813,99.44,66.0
Tamil Nadu,Vellore,12.784882632293078,79.02643283582084,3936331,1961688,1974643,2773928,100.66,70.47
Tamil Nadu,Virudhunagar,9.468872195892564,77.87641469194315,1942288,967709,974579,1398788,100.71,72.02
Tripura,Dhalai,23.781360477941163,91.94654283088232,378230,194544,183686,276217,94.42,73.03
Tripura,North Tripura,24.121739755351683,92.17842538226292,693947,352860,341087,520402,96.66,74.99
Tripura,South Tripura,23.211874098057383,91.6065807585568,876001,447544,428457,646810,95.74,73.84
Tripura,West Tripura,23.780166241299337,91.41310788863107,1725739,879428,846311,1361354,96.23,78.89
Uttar Pradesh,Agra,26.99512974910393,78.05278291517321,4418797,2364953,2053844,2680510,86.85,60.66
Uttar Pradesh,Aligarh,27.93748576850093,78.00146831119557,3673889,1951996,1721893,2092567,88.21,56.96
Uttar Pradesh,Allahabad,25.392038662316445,82.05172446982063,5954391,3131807,2822584,3665727,90.13,61.56
Uttar Pradesh,Ambedkar Nagar,26.39119025974028,82.68282142857147,2397888,1212410,1185478,1486939,97.78,62.01
Uttar Pradesh,Auraiya,26.66892394014961,79.42637057356607,1379545,740040,639505,930836,86.41,67.47
Uttar Pradesh,Azamgarh,26.008290954773837,83.01220251256285,4613913,2285004,2328909,2771917,101.92,60.08
Uttar Pradesh,Baghpat,29.045793499999988,77.30266300000001,1303048,700070,602978,797970,86.13,61.24
Uttar Pradesh,Bahraich,27.691776300578027,81.46779783237004,3487731,1843884,1643847,1398368,89.15,40.09
Uttar Pradesh,Ballia,25.86075638297873,84.03651978723408,3239774,1672902,1566872,1963590,93.66,60.61
Uttar Pradesh,Balrampur,27.449076537911324,82.47158326180256,2148665,1114721,1033944,868357,92.75,40.41
Uttar Pradesh,Banda,25.351885902503284,80.52487391304344,1799410,965876,833534,1002937,86.3,55.74
Uttar Pradesh,Bara Banki,26.922777025232424,81.35762350597606,3260699,1707073,1553626,1692458,91.01,51.9
Uttar Pradesh,Bareilly,28.51101940789474,79.43187072368416,4448359,2357665,2090694,2191759,88.68,49.27
Uttar Pradesh,Basti,26.833880454545447,82.69790590909092,2464464,1255272,1209192,1393783,96.33,56.56
Uttar Pradesh,Bijnor,29.313974259681096,78.45098815489754,3682713,1921215,1761498,2135393,91.69,57.98
Uttar Pradesh,Bulandshahr,28.34875862068968,78.01082758620684,3499171,1845260,1653911,2031656,89.63,58.06
Uttar Pradesh,Chandauli,25.1180859611231,83.25307062634984,1952756,1017905,934851,1174606,91.84,60.15
Uttar Pradesh,Chitrakoot,25.159924623803,81.07666087551297,991730,527721,464009,531072,87.93,53.55
Uttar Pradesh,Deoria,26.42218856548857,83.8244070686071,3100946,1537436,1563510,1875239,101.7,60.47
Uttar Pradesh,Etah,27.591155309734443,78.70021858407083,1774480,947339,827141,1055202,87.31,59.47
Uttar Pradesh,Etawah,26.78817670157068,79.07621806282728,1581810,845856,735954,1062003,87.01,67.14
Uttar Pradesh,Faizabad,26.60589185185181,82.00783530864202,2470996,1259628,1211368,1450901,96.17,58.72
Uttar Pradesh,Farrukhabad,27.45063297872342,79.4406284574468,1885204,1006240,878964,1092677,87.35,57.96
Uttar Pradesh,Fatehpur,25.8374362030905,80.85416203090509,2632733,1384722,1248011,1512166,90.13,57.44
Uttar Pradesh,Firozabad,27.20963993055552,78.42660624999998,2498156,1332046,1166110,1521806,87.54,60.92
Uttar Pradesh,Gautam Buddha Nagar,28.393311038961038,77.52462467532465,1648115,890214,757901,1122947,85.14,68.14
Uttar Pradesh,Ghaziabad,28.74997308584685,77.67441879350343,4681645,2488834,2192811,3123264,88.11,66.71
Uttar Pradesh,Ghazipur,25.624724775583484,83.5360854578097,3620268,1855075,1765193,2197549,95.15,60.7
Uttar Pradesh,Gonda,27.157215552099505,82.0226888024882,3433919,1787146,1646773,1679994,92.15,48.92
Uttar Pradesh,Gorakhpur,26.63315886792452,83.3549560377358,4440895,2277777,2163118,2700328,94.97,60.81
Uttar Pradesh,Hamirpur,25.738158381502892,79.82619479768789,454768,217070,237698,358091,109.5,78.74
Uttar Pradesh,Hamirpur,25.738158381502892,79.82619479768789,1104285,593537,510748,653299,86.05,59.16
Uttar Pradesh,Hardoi,27.337409090909137,80.26411767676768,4092845,2191442,1901403,2221601,86.76,54.28
Uttar Pradesh,Jalaun,26.067954587155988,79.36686911314993,1689974,906092,783882,1075196,86.51,63.62
Uttar Pradesh,Jaunpur,25.70141280913127,82.54315351934063,4494204,2220465,2273739,2731677,102.4,60.78
Uttar Pradesh,Jhansi,25.45581535234902,78.89954580536917,1998603,1057436,941167,1304513,89.0,65.27
Uttar Pradesh,Jyotiba Phule Nagar,28.870498984771597,78.39009365482241,1840221,963449,876772,983110,91.0,53.42
Uttar Pradesh,Kannauj,26.993988617886185,79.64437940379408,1656616,881776,774840,1017087,87.87,61.4
Uttar Pradesh,Kanpur Dehat,26.43047641196011,79.98710083056478,1796184,963255,832929,1170243,86.47,65.15
Uttar Pradesh,Kaushambi,25.53587532051282,81.41811282051287,1599596,838485,761111,813424,90.77,50.85
Uttar Pradesh,Kushinagar,26.892530675909864,83.92261542461007,3564544,1818055,1746489,1954820,96.06,54.84
Uttar Pradesh,Lalitpur,24.58877161016945,78.60082330508473,1221592,641011,580581,641191,90.57,52.49
Uttar Pradesh,Lucknow,26.838233589251463,80.89706026871404,4589838,2394476,2195362,3127260,91.68,68.13
Uttar Pradesh,Mahoba,25.34529670138888,79.67863003472216,875958,466358,409600,488106,87.83,55.72
Uttar Pradesh,Mainpuri,27.17386862302482,79.03501851015807,1868529,993377,875152,1203885,88.1,64.43
Uttar Pradesh,Mathura,27.59390432801821,77.62153416856502,2547184,1367125,1180059,1507746,86.32,59.19
Uttar Pradesh,Mau,26.01082203791469,83.50582654028433,2205968,1114709,1091259,1363044,97.9,61.79
Uttar Pradesh,Meerut,29.02957625698323,77.80611005586593,3443689,1825743,1617946,2141488,88.62,62.19
Uttar Pradesh,Mirzapur,25.10207959183675,82.60126628571429,2496970,1312302,1184668,1428683,90.27,57.22
Uttar Pradesh,Moradabad,28.851770406189537,78.73580193423597,4772006,2503186,2268820,2263848,90.64,47.44
Uttar Pradesh,Muzaffarnagar,29.470507977736563,77.64017847866423,4143512,2193434,1950078,2417339,88.91,58.34
Uttar Pradesh,Pilibhit,28.52024175035868,79.90103974175037,2031007,1072002,959005,1061095,89.46,52.24
Uttar Pradesh,Pratapgarh,25.864842731707316,81.93530048780492,867848,437744,430104,401515,98.25,46.27
Uttar Pradesh,Pratapgarh,25.864842731707316,81.93530048780492,3209141,1606085,1603056,1931559,99.81,60.19
Uttar Pradesh,Rae Bareli,26.253902840059787,81.22260463378181,3405559,1752542,1653017,1965843,94.32,57.72
Uttar Pradesh,Rampur,28.83244727272725,79.10977333333337,2335819,1223889,1111930,1043666,90.85,44.68
Uttar Pradesh,Saharanpur,30.03381165217392,77.59905147826095,3466382,1834106,1632276,2077108,89.0,59.92
Uttar Pradesh,Sant Kabir Nagar,26.791596516393444,83.0387764344262,1715183,869656,845527,954949,97.23,55.68
Uttar Pradesh,Shahjahanpur,27.991389350649328,79.8302275324675,3006538,1606403,1400135,1490930,87.16,49.59
Uttar Pradesh,Sitapur,27.501995963091108,80.85288881199547,4483992,2375264,2108728,2283733,88.78,50.93
Uttar Pradesh,Sonbhadra,24.46693268858798,83.06816324951639,1862559,971344,891215,985708,91.75,52.92
Uttar Pradesh,Sultanpur,26.2846386419753,82.05710456790123,3797117,1914586,1882531,2239902,98.33,58.99
Uttar Pradesh,Unnao,26.63163990895297,80.636773292868,3108367,1630087,1478280,1773584,90.69,57.06
Uttar Pradesh,Varanasi,25.36057088888889,82.82529666666672,3676841,1921857,1754984,2403903,91.32,65.38
Uttaranchal,Almora,29.683532133676103,79.50165064267351,622506,291081,331425,436497,113.86,70.12
Uttaranchal,Bageshwar,29.98703393393397,79.83954354354357,259898,124326,135572,179483,109.05,69.06
Uttaranchal,Chamoli,30.58338611464965,79.56281095541402,391605,193991,197614,280556,101.87,71.64
Uttaranchal,Champawat,29.29142393939393,80.07720212121217,259648,131125,128523,177726,98.02,68.45
Uttaranchal,Pithoragarh,30.14720631868129,80.34229230769236,483439,239306,244133,345550,102.02,71.48
Uttaranchal,Tehri Garhwal,30.463700918635173,78.48783792650917,618931,297986,320945,407994,107.7,65.92
Uttaranchal,Udham Singh Nagar,29.02779577677222,79.45629004524895,1648902,858783,790119,1037839,92.0,62.94
Uttaranchal,Uttarkashi,30.968958552036234,78.56880615384617,330086,168597,161489,215126,95.78,65.17
West Bengal,Bankura,23.081280892857155,87.12640053571437,3596674,1838095,1758579,2232992,95.67,62.08
West Bengal,Barddhaman,23.444453888888884,87.8150581111111,7717563,3966889,3750674,5247208,94.55,67.99
West Bengal,Birbhum,24.06389342723,87.65153089201888,3502404,1790920,1711484,2158447,95.56,61.63
West Bengal,Dakshin Dinajpur,25.342094363021435,88.69821679819614,1676276,857199,819077,1083685,95.55,64.65
West Bengal,Darjiling,26.839619571045585,88.33145067024122,1846823,937259,909564,1315585,97.05,71.24
West Bengal,Haora,22.401674174428507,87.99421176968654,4850029,2500819,2349210,3605206,93.94,74.33
West Bengal,Hugli,22.87929264705881,88.00010264705891,5519145,2814653,2704492,4078388,96.09,73.9
West Bengal,Jalpaiguri,26.62642031250004,89.04154375000003,3872846,1983064,1889782,2498780,95.3,64.52
West Bengal,Kolkata,22.550581481481483,88.3527648148148,4496694,2356766,2139928,3588137,90.8,79.8
West Bengal,Maldah,25.08026802575105,88.17191684549356,3988845,2051541,1937304,2086432,94.43,52.31
West Bengal,Murshidabad,24.25950655391121,88.16816860465121,7103807,3627564,3476243,4055834,95.83,57.09
West Bengal,Nadia,23.56410971055088,88.58293034547152,5167600,2653768,2513832,3480555,94.73,67.35
West Bengal,Puruliya,23.254192328767108,86.3968532876713,2930115,1496996,1433119,1624905,95.73,55.46
West Bengal,Uttar Dinajpur,26.044619165196977,88.23595232216337,3007134,1551066,1456068,1489667,93.88,49.54
